id,category_id,name,slug,image_url
8100a7fc-06ce-41c9-9ac6-62e631130ad8,117ab60e-4800-478e-ba04-d8dc8b227d46,Механизмы замков,mekhanizmy-zamkov,https://storage.yandexcloud.net/tcf-images/default.svg
6ea27cb0-9f86-4b1b-bdae-7b9b2101dea3,c771d427-6f41-4ee8-a484-e7c7f5e10a24,Полукольца коленвала,polukoltsa-kolenvala,https://storage.yandexcloud.net/tcf-images/sub_categories/6ea27cb0-9f86-4b1b-bdae-7b9b2101dea3.png
3dde6013-eb15-4d4f-9e2e-15504cc50d20,29590fd1-80a8-44de-b159-6f0dca380c74,Автомобильный набор,avtomobilnyi-nabor,https://storage.yandexcloud.net/tcf-images/default.svg
f04596bf-21aa-4ba2-8e43-70993dd144c6,590b9640-e38b-40f7-8f54-602108d91905,Актуатор Турбины,aktuator-turbiny,https://storage.yandexcloud.net/tcf-images/default.svg
df664a39-907a-4c7b-b893-1bca5d850a4c,6b21d3f1-f7b2-40e5-b12f-906dd4f54ce3,Амортизатор,amortizator,https://storage.yandexcloud.net/tcf-images/default.svg
348b1e43-38d6-4859-9f04-bd796b97c324,29590fd1-80a8-44de-b159-6f0dca380c74,Аптечка автомобильная,aptechka-avtomobilnaia,https://storage.yandexcloud.net/tcf-images/default.svg
b45642f9-2c91-46a3-9c9b-9083dc938a98,117ab60e-4800-478e-ba04-d8dc8b227d46,Бампера и их части,bampera-i-ikh-chasti,https://storage.yandexcloud.net/tcf-images/sub_categories/b45642f9-2c91-46a3-9c9b-9083dc938a98.png
fd393fd0-d739-4271-a40c-e58b36403624,14b97f4e-af40-4e54-a623-3dd140ccd0c4,Бачки,bachki,https://storage.yandexcloud.net/tcf-images/default.svg
838dc8be-4fe6-43d4-a9a1-424c9984d310,1dcdfcf8-2340-4676-8f86-3e7bddf50fb6,Бачок ГУР,bachok-gur,https://storage.yandexcloud.net/tcf-images/default.svg
34b48332-d454-4fb9-96d0-ab62ab00887d,2817180f-126a-4768-b424-f8e412489d2a,Бегунки трамблера,begunki-tramblera,https://storage.yandexcloud.net/tcf-images/default.svg
3039033a-6368-4de6-9d9b-36d6d52ab3f5,03a88661-1d50-44cb-abd2-d60efe56f712,Бендиксы стартера,bendiksy-startera,https://storage.yandexcloud.net/tcf-images/sub_categories/3039033a-6368-4de6-9d9b-36d6d52ab3f5.png
8d4ef04b-c1c9-460f-9aa0-f9b3955e21bd,29590fd1-80a8-44de-b159-6f0dca380c74,Брелки,brelki,https://storage.yandexcloud.net/tcf-images/default.svg
a0ef5851-9b73-4e4f-8502-f1748a78546d,fa9d529e-ac63-48b2-9688-52f5db02fd0e,Брызговики,bryzgoviki,https://storage.yandexcloud.net/tcf-images/default.svg
0cd5f1f4-bbdf-4880-a58e-9b58bfa122bb,8a263be8-4742-48dd-9b4c-713fc2a344f9,Вакуумные насосы и усилители,vakuumnye-nasosy-i-usiliteli,https://storage.yandexcloud.net/tcf-images/default.svg
ef573108-10bd-4ca3-9e6f-dee215f2d717,3f1c551d-40b4-48af-bd59-510e8cc908cd,Валы КПП,valy-kpp,https://storage.yandexcloud.net/tcf-images/default.svg
c6538122-7032-4a87-86d7-f007cea10dbc,c771d427-6f41-4ee8-a484-e7c7f5e10a24,Вкладыши коленвала,vkladyshi-kolenvala,https://storage.yandexcloud.net/tcf-images/sub_categories/c6538122-7032-4a87-86d7-f007cea10dbc.png
48e2a584-3781-456d-b199-4e24fff66b33,c771d427-6f41-4ee8-a484-e7c7f5e10a24,Вкладыши распредвала,vkladyshi-raspredvala,https://storage.yandexcloud.net/tcf-images/sub_categories/48e2a584-3781-456d-b199-4e24fff66b33.png
c9571093-93b7-4016-ac00-be72f1562e1f,14b97f4e-af40-4e54-a623-3dd140ccd0c4,Водяная помпа / прокладки водяной помпы,vodianaia-pompa-prokladki-vodianoi-pompy,https://storage.yandexcloud.net/tcf-images/sub_categories/c9571093-93b7-4016-ac00-be72f1562e1f.jpg
1f99d138-f0ae-46ad-941d-ad270e673d02,4434f5b3-6c82-4573-aac6-e07f68ba18cc,Воздушные фильтра,vozdushnye-filtra,https://storage.yandexcloud.net/tcf-images/sub_categories/1f99d138-f0ae-46ad-941d-ad270e673d02.jpg
00d763d9-f470-4102-80f5-aa5d278c1808,c771d427-6f41-4ee8-a484-e7c7f5e10a24,Втулка поршневого пальца / палец поршня,vtulka-porshnevogo-paltsa-palets-porshnia,https://storage.yandexcloud.net/tcf-images/sub_categories/00d763d9-f470-4102-80f5-aa5d278c1808.png
358dfeaf-60c3-46a1-9fc1-bdedc695fcd5,03a88661-1d50-44cb-abd2-d60efe56f712,Втулки / подшипники стартера,vtulki-podshipniki-startera,https://storage.yandexcloud.net/tcf-images/sub_categories/358dfeaf-60c3-46a1-9fc1-bdedc695fcd5.png
31c618be-748a-48f2-a2c5-e03c27999556,03a88661-1d50-44cb-abd2-d60efe56f712,Втягивающая катушка,vtiagivaiushchaia-katushka,https://storage.yandexcloud.net/tcf-images/sub_categories/31c618be-748a-48f2-a2c5-e03c27999556.png
def0493b-b5b5-465b-8d63-f7e218de26a7,0fabb126-55d9-44c3-b59e-ac420bf5716e,Выжимной подшипник,vyzhimnoi-podshipnik,https://storage.yandexcloud.net/tcf-images/sub_categories/def0493b-b5b5-465b-8d63-f7e218de26a7.png
8f923502-c7b0-43f5-bf1b-c85757c255e8,4b6957d9-a95f-454d-ba60-5a4582cec4de,"Выключатели, переключатели, кнопки",vykliuchateli-perekliuchateli-knopki,https://storage.yandexcloud.net/tcf-images/default.svg
49c63960-e3c8-496b-bc24-f608fd1cdd53,590b9640-e38b-40f7-8f54-602108d91905,Выпускной колектор,vypusknoi-kolektor,https://storage.yandexcloud.net/tcf-images/default.svg
715a4378-029b-4aef-b912-334f21686831,fa9d529e-ac63-48b2-9688-52f5db02fd0e,Гайки и болты колес,gaiki-i-bolty-koles,https://storage.yandexcloud.net/tcf-images/default.svg
5ce31d93-c38b-40d3-a02b-20d215612586,3ab418bf-e501-40c1-91ee-0535642e203d,Генераторы в сборе,generatory-v-sbore,https://storage.yandexcloud.net/tcf-images/default.svg
12ddb4fd-6b7d-4333-af51-429dd70f93db,c771d427-6f41-4ee8-a484-e7c7f5e10a24,Гильзы,gilzy,https://storage.yandexcloud.net/tcf-images/sub_categories/12ddb4fd-6b7d-4333-af51-429dd70f93db.png
e9143b34-f47a-4036-8c22-63b2e05d629b,8a263be8-4742-48dd-9b4c-713fc2a344f9,Главные тормозные цилиндры,glavnye-tormoznye-tsilindry,https://storage.yandexcloud.net/tcf-images/default.svg
c8ec59fc-2503-4183-95ef-44313898f35a,0fabb126-55d9-44c3-b59e-ac420bf5716e,Главные цилиндры сцепления,glavnye-tsilindry-stsepleniia,https://storage.yandexcloud.net/tcf-images/sub_categories/c8ec59fc-2503-4183-95ef-44313898f35a.png
e1b2a61b-8068-4b99-b846-3597de5e39c7,c771d427-6f41-4ee8-a484-e7c7f5e10a24,Головка блока,golovka-bloka,https://storage.yandexcloud.net/tcf-images/sub_categories/e1b2a61b-8068-4b99-b846-3597de5e39c7.png
5e1b8741-2120-4abc-93d1-f340f8a7a231,590b9640-e38b-40f7-8f54-602108d91905,Гофра глушителя,gofra-glushitelia,https://storage.yandexcloud.net/tcf-images/default.svg
d778bed4-0612-427b-884d-bd5a3c8a6dcf,8a263be8-4742-48dd-9b4c-713fc2a344f9,Датчики ABS,datchiki-abs,https://storage.yandexcloud.net/tcf-images/default.svg
46ddfb37-9ece-4a69-818a-5dab2f5243af,3d53dd59-ef02-4e61-9738-0e9e34954eae,Датчик дроссельной заслонки,datchik-drosselnoi-zaslonki,https://storage.yandexcloud.net/tcf-images/sub_categories/46ddfb37-9ece-4a69-818a-5dab2f5243af.jpg
d2b30fb6-b4e1-4ca5-837b-3de803498e25,4b6957d9-a95f-454d-ba60-5a4582cec4de,Датчик положения коленвала,datchik-polozheniia-kolenvala,https://storage.yandexcloud.net/tcf-images/default.svg
dd9c6a92-a658-4685-86e7-b690c4a084b1,4b6957d9-a95f-454d-ba60-5a4582cec4de,Датчик положения распредвала,datchik-polozheniia-raspredvala,https://storage.yandexcloud.net/tcf-images/default.svg
2b42e984-3e57-43cb-8a0f-87a4568ae1e6,4b6957d9-a95f-454d-ba60-5a4582cec4de,Датчики / Модули МКПП / АКПП,datchiki-moduli-mkpp-akpp,https://storage.yandexcloud.net/tcf-images/default.svg
d4be9ccd-624d-4be9-abfc-7770641b7efa,4b6957d9-a95f-454d-ba60-5a4582cec4de,Датчики и др.устр-ва тормозной системы,datchiki-i-dr-ustr-va-tormoznoi-sistemy,https://storage.yandexcloud.net/tcf-images/default.svg
d83eda7a-fcb4-442f-89e0-d155cd102cd9,4b6957d9-a95f-454d-ba60-5a4582cec4de,Датчики масла,datchiki-masla,https://storage.yandexcloud.net/tcf-images/default.svg
ecbbb919-7533-404d-945a-aa1ea63fe578,4b6957d9-a95f-454d-ba60-5a4582cec4de,Датчики системы охлаждения (температуры),datchiki-sistemy-okhlazhdeniia-temperatury,https://storage.yandexcloud.net/tcf-images/default.svg
df617c82-6cff-4bdb-8686-7ba5d94bc9b1,4b6957d9-a95f-454d-ba60-5a4582cec4de,Датчики топливной системы,datchiki-toplivnoi-sistemy,https://storage.yandexcloud.net/tcf-images/default.svg
acfe430d-cbf5-4767-8e02-bb7c2d26f19d,117ab60e-4800-478e-ba04-d8dc8b227d46,Двери и сопутствующие детали,dveri-i-soputstvuiushchie-detali,https://storage.yandexcloud.net/tcf-images/sub_categories/acfe430d-cbf5-4767-8e02-bb7c2d26f19d.png
c246523e-1dc6-4d8c-b0ed-c7f53020c898,117ab60e-4800-478e-ba04-d8dc8b227d46,Дворники,dvorniki,https://storage.yandexcloud.net/tcf-images/default.svg
9cf3072c-767f-47b9-a1dc-3363d392e644,117ab60e-4800-478e-ba04-d8dc8b227d46,Детали кузова,detali-kuzova,https://storage.yandexcloud.net/tcf-images/default.svg
b802607a-7750-4d33-9187-df501dac83b3,117ab60e-4800-478e-ba04-d8dc8b227d46,"Дефлектор капота, окон (Тюнинг)",deflektor-kapota-okon-tiuning,https://storage.yandexcloud.net/tcf-images/sub_categories/b802607a-7750-4d33-9187-df501dac83b3.png
0d31fbf6-7203-4f7f-b450-ebf7bce9b6b9,3ab418bf-e501-40c1-91ee-0535642e203d,Диодный мост,diodnyi-most,https://storage.yandexcloud.net/tcf-images/default.svg
07fe1f1e-47d7-44e8-98e6-0e00039a0663,0fabb126-55d9-44c3-b59e-ac420bf5716e,Диски сцепления,diski-stsepleniia,https://storage.yandexcloud.net/tcf-images/sub_categories/07fe1f1e-47d7-44e8-98e6-0e00039a0663.png
80beed39-710b-41ee-9a14-3cb468caf81d,8a263be8-4742-48dd-9b4c-713fc2a344f9,Диски тормозные,diski-tormoznye,https://storage.yandexcloud.net/tcf-images/default.svg
cae866e3-d5eb-4812-bb80-ac517b0e6910,fa9d529e-ac63-48b2-9688-52f5db02fd0e,Домкрат,domkrat,https://storage.yandexcloud.net/tcf-images/default.svg
9088f1c1-c940-481d-94dd-6625b89f410a,081abeac-63b8-4d42-87d6-f7610fbaaf78,Дополнительное освещение,dopolnitelnoe-osveshchenie,https://storage.yandexcloud.net/tcf-images/default.svg
4fa96004-284d-4712-8ed3-4960771a3532,29590fd1-80a8-44de-b159-6f0dca380c74,Заглушка ремня безопасности,zaglushka-remnia-bezopasnosti,https://storage.yandexcloud.net/tcf-images/default.svg
f823b629-cac7-420e-801e-d7a68428df92,117ab60e-4800-478e-ba04-d8dc8b227d46,Заготовка ключа / Брелок-пульт,zagotovka-kliucha-brelok-pult,https://storage.yandexcloud.net/tcf-images/default.svg
ab861c45-2b4c-4bcc-95b0-b0838b4fc3ef,081abeac-63b8-4d42-87d6-f7610fbaaf78,Задние фонари,zadnie-fonari,https://storage.yandexcloud.net/tcf-images/default.svg
07c00d29-9fb8-4f8a-982c-3da4dd8d4ded,117ab60e-4800-478e-ba04-d8dc8b227d46,Зеркала заднего вида,zerkala-zadnego-vida,https://storage.yandexcloud.net/tcf-images/default.svg
2df2087c-f3fd-4ad6-bec2-f6e952a67952,73a31c3d-db35-48a5-819b-9e9c297cc06f,Зубчатые ремни ГРМ,zubchatye-remni-grm,https://storage.yandexcloud.net/tcf-images/default.svg
d403272a-65b6-4b64-9cdb-be3778e46dd5,590b9640-e38b-40f7-8f54-602108d91905,Интеркулеры,interkulery,https://storage.yandexcloud.net/tcf-images/default.svg
d6081b7a-653e-42c6-8907-5e0c4d05c471,2817180f-126a-4768-b424-f8e412489d2a,Кабели высокого напряжения,kabeli-vysokogo-napriazheniia,https://storage.yandexcloud.net/tcf-images/default.svg
17858b69-c512-4514-a658-10e48ef93fee,117ab60e-4800-478e-ba04-d8dc8b227d46,Капоты и сопутствующие детали,kapoty-i-soputstvuiushchie-detali,https://storage.yandexcloud.net/tcf-images/sub_categories/17858b69-c512-4514-a658-10e48ef93fee.png
28a0062c-c428-43ec-a5af-44539cbb4214,0b6c2dd3-691a-4c5e-a67b-561fe99d4a57,Карданный вал,kardannyi-val,https://storage.yandexcloud.net/tcf-images/sub_categories/28a0062c-c428-43ec-a5af-44539cbb4214.png
9e5eb5f5-b49c-41e1-98fd-56acc24127eb,590b9640-e38b-40f7-8f54-602108d91905,Картриджи турбин,kartridzhi-turbin,https://storage.yandexcloud.net/tcf-images/default.svg
0cd2f91a-7e4a-469d-94f9-9a0c20a1c2e2,2817180f-126a-4768-b424-f8e412489d2a,Катушки зажигания,katushki-zazhiganiia,https://storage.yandexcloud.net/tcf-images/default.svg
fd7513ff-ea2d-453a-a761-5e8512ab9943,590b9640-e38b-40f7-8f54-602108d91905,Клапан / охладители EGR,klapan-okhladiteli-egr,https://storage.yandexcloud.net/tcf-images/default.svg
3e454036-d864-44b7-a6be-5a96e82c6f5e,3d53dd59-ef02-4e61-9738-0e9e34954eae,Клапан электронной форсунки,klapan-elektronnoi-forsunki,https://storage.yandexcloud.net/tcf-images/sub_categories/3e454036-d864-44b7-a6be-5a96e82c6f5e.jpg
499bf59c-d775-4e4f-bfae-7d7996c3868c,c771d427-6f41-4ee8-a484-e7c7f5e10a24,"Клапана,направляющие,пружины",klapana-napravliaiushchie-pruzhiny,https://storage.yandexcloud.net/tcf-images/sub_categories/499bf59c-d775-4e4f-bfae-7d7996c3868c.png
367019a5-45d3-4152-9f5f-b2c0562649fa,c771d427-6f41-4ee8-a484-e7c7f5e10a24,Клапанная крышка,klapannaia-kryshka,https://storage.yandexcloud.net/tcf-images/sub_categories/367019a5-45d3-4152-9f5f-b2c0562649fa.png
6f8faa4c-9631-4c65-9105-a5143c8fb416,14b97f4e-af40-4e54-a623-3dd140ccd0c4,"Клапаны, краны отопителя (печки)",klapany-krany-otopitelia-pechki,https://storage.yandexcloud.net/tcf-images/default.svg
0c369a1b-9ccb-4c94-8ef7-b97004200b80,73a31c3d-db35-48a5-819b-9e9c297cc06f,Клиновидные ремни,klinovidnye-remni,https://storage.yandexcloud.net/tcf-images/sub_categories/0c369a1b-9ccb-4c94-8ef7-b97004200b80.webp
5d21488d-58fb-4c87-a96d-7e72dd09041f,29590fd1-80a8-44de-b159-6f0dca380c74,Коврики,kovriki,https://storage.yandexcloud.net/tcf-images/default.svg
b2ac35dc-e40d-4a5b-a680-b026d7d1b13c,c771d427-6f41-4ee8-a484-e7c7f5e10a24,Коленвал,kolenval,https://storage.yandexcloud.net/tcf-images/sub_categories/b2ac35dc-e40d-4a5b-a680-b026d7d1b13c.png
145fff41-45d1-47ad-8dfd-8fa5af5d6fbe,fa9d529e-ac63-48b2-9688-52f5db02fd0e,Колесные диски,kolesnye-diski,https://storage.yandexcloud.net/tcf-images/default.svg
891b9241-ebb9-4d05-bc50-560c6f5cf312,8a263be8-4742-48dd-9b4c-713fc2a344f9,Колодки тормозные барабанные,kolodki-tormoznye-barabannye,https://storage.yandexcloud.net/tcf-images/default.svg
58941d8d-d793-4b62-8c24-ce94400ad598,8a263be8-4742-48dd-9b4c-713fc2a344f9,Колодки тормозные дисковые,kolodki-tormoznye-diskovye,https://storage.yandexcloud.net/tcf-images/default.svg
7f62d766-a239-44fe-8293-0824493a7dc8,fa9d529e-ac63-48b2-9688-52f5db02fd0e,Колпаки,kolpaki,https://storage.yandexcloud.net/tcf-images/default.svg
4df16f63-c8e9-46fb-a888-f6eccb35baf0,c771d427-6f41-4ee8-a484-e7c7f5e10a24,Кольца поршневые,koltsa-porshnevye,https://storage.yandexcloud.net/tcf-images/sub_categories/4df16f63-c8e9-46fb-a888-f6eccb35baf0.png
6e8419b9-3948-44b8-8d19-0ab8dcc2e8da,c771d427-6f41-4ee8-a484-e7c7f5e10a24,Комплект прокладок,komplekt-prokladok,https://storage.yandexcloud.net/tcf-images/sub_categories/6e8419b9-3948-44b8-8d19-0ab8dcc2e8da.png
886f88ad-f522-46ff-8ddf-95e1fd2f56d8,c771d427-6f41-4ee8-a484-e7c7f5e10a24,Комплект распредвалов,komplekt-raspredvalov,https://storage.yandexcloud.net/tcf-images/sub_categories/886f88ad-f522-46ff-8ddf-95e1fd2f56d8.png
1b567681-4bd0-4059-bdce-d67a005a2589,0fabb126-55d9-44c3-b59e-ac420bf5716e,Комплект сцепления,komplekt-stsepleniia,https://storage.yandexcloud.net/tcf-images/sub_categories/1b567681-4bd0-4059-bdce-d67a005a2589.png
f108e372-1837-4607-ad4b-d69984a680a1,0fabb126-55d9-44c3-b59e-ac420bf5716e,Комплект сцепления + маховик,komplekt-stsepleniia-makhovik,https://storage.yandexcloud.net/tcf-images/sub_categories/f108e372-1837-4607-ad4b-d69984a680a1.png
820b14df-29fc-4b8a-9f7c-ce99b29ded77,c771d427-6f41-4ee8-a484-e7c7f5e10a24,Комплекты Цепей ГРМ,komplekty-tsepei-grm,https://storage.yandexcloud.net/tcf-images/default.svg
70744825-c98a-4815-8631-09168b8cd141,590b9640-e38b-40f7-8f54-602108d91905,Компоненты выпускного тракта,komponenty-vypusknogo-trakta,https://storage.yandexcloud.net/tcf-images/default.svg
d2d3b29a-79fd-43d3-9162-c1042845ab34,3ab418bf-e501-40c1-91ee-0535642e203d,Компоненты генератора,komponenty-generatora,https://storage.yandexcloud.net/tcf-images/default.svg
1f00f291-88a1-418b-9d43-38b398498370,c771d427-6f41-4ee8-a484-e7c7f5e10a24,Компоненты двигателя,komponenty-dvigatelia,https://storage.yandexcloud.net/tcf-images/sub_categories/1f00f291-88a1-418b-9d43-38b398498370.png
a1ffe1df-ba79-4a5a-9675-18efd58a02a6,0b6c2dd3-691a-4c5e-a67b-561fe99d4a57,Компоненты карданного вала,komponenty-kardannogo-vala,https://storage.yandexcloud.net/tcf-images/default.svg
79f6dfcb-9f6e-4c87-b697-1b8cc6eaff04,3f1c551d-40b4-48af-bd59-510e8cc908cd,Компоненты КПП,komponenty-kpp,https://storage.yandexcloud.net/tcf-images/default.svg
86f6db9f-9538-41f3-a70e-85c4dae24ecb,6b21d3f1-f7b2-40e5-b12f-906dd4f54ce3,Компоненты подвески,komponenty-podveski,https://storage.yandexcloud.net/tcf-images/default.svg
ac2c9ba6-b34d-4a04-acb6-76f839cae634,1dcdfcf8-2340-4676-8f86-3e7bddf50fb6,Компоненты рулевого управления,komponenty-rulevogo-upravleniia,https://storage.yandexcloud.net/tcf-images/default.svg
579079f4-cadc-4803-8e95-dcffcf20e52f,14b97f4e-af40-4e54-a623-3dd140ccd0c4,Компоненты системы охлаждения,komponenty-sistemy-okhlazhdeniia,https://storage.yandexcloud.net/tcf-images/default.svg
d74d2689-e779-4660-87b9-a0e08db02b22,03a88661-1d50-44cb-abd2-d60efe56f712,Компоненты стартера,komponenty-startera,https://storage.yandexcloud.net/tcf-images/sub_categories/d74d2689-e779-4660-87b9-a0e08db02b22.png
ccd587ba-c406-4c33-9ce5-edcbed72e4c8,0fabb126-55d9-44c3-b59e-ac420bf5716e,Компоненты сцепления,komponenty-stsepleniia,https://storage.yandexcloud.net/tcf-images/sub_categories/ccd587ba-c406-4c33-9ce5-edcbed72e4c8.png
b89f590f-441a-4155-9842-f4d2672663b3,3d53dd59-ef02-4e61-9738-0e9e34954eae,Компоненты топливной системы,komponenty-toplivnoi-sistemy,https://storage.yandexcloud.net/tcf-images/default.svg
bda4d353-2604-4623-8161-cb7d1222c0e9,8a263be8-4742-48dd-9b4c-713fc2a344f9,Компоненты тормозной системы,komponenty-tormoznoi-sistemy,https://storage.yandexcloud.net/tcf-images/default.svg
1e1cc1e3-500b-4b96-86b3-512255ddce61,4b6957d9-a95f-454d-ba60-5a4582cec4de,Компоненты электрооборудования,komponenty-elektrooborudovaniia,https://storage.yandexcloud.net/tcf-images/default.svg
00b5bafc-7ad2-4d3c-bdb0-aedb729e6c1f,2817180f-126a-4768-b424-f8e412489d2a,Конденсаторы трамблера,kondensatory-tramblera,https://storage.yandexcloud.net/tcf-images/default.svg
aeb05e88-d38e-4cd9-ab98-0b219ce8d640,3ab418bf-e501-40c1-91ee-0535642e203d,Контактное кольцо генератора,kontaktnoe-koltso-generatora,https://storage.yandexcloud.net/tcf-images/default.svg
d5aa6bbf-8ba6-44c5-8484-d2d772a05584,2817180f-126a-4768-b424-f8e412489d2a,Контакты трамблера,kontakty-tramblera,https://storage.yandexcloud.net/tcf-images/default.svg
b9ec4b91-1ce7-4e75-a5bb-1b5ead38d9f0,0fabb126-55d9-44c3-b59e-ac420bf5716e,Корзины сцепления,korziny-stsepleniia,https://storage.yandexcloud.net/tcf-images/sub_categories/b9ec4b91-1ce7-4e75-a5bb-1b5ead38d9f0.png
2595370f-cd0e-4a71-933e-e5cff0a2459a,14b97f4e-af40-4e54-a623-3dd140ccd0c4,Корпуса термостатов,korpusa-termostatov,https://storage.yandexcloud.net/tcf-images/default.svg
aa39b7f5-3828-4cb4-af34-bb5cf0a519c5,3f1c551d-40b4-48af-bd59-510e8cc908cd,КПП в сборе,kpp-v-sbore,https://storage.yandexcloud.net/tcf-images/default.svg
493b4a6b-2b10-4eb7-9295-b0532fb80833,03a88661-1d50-44cb-abd2-d60efe56f712,Крепление щеток,kreplenie-shchetok,https://storage.yandexcloud.net/tcf-images/sub_categories/493b4a6b-2b10-4eb7-9295-b0532fb80833.png
71a9fa54-d5b1-4024-8451-cf81e6874404,0b6c2dd3-691a-4c5e-a67b-561fe99d4a57,Крестовины карданного вала,krestoviny-kardannogo-vala,https://storage.yandexcloud.net/tcf-images/default.svg
1fe7ffe8-b5f9-46ad-b054-48d3d7ee5296,14b97f4e-af40-4e54-a623-3dd140ccd0c4,Крыльчатки вентиляторов,krylchatki-ventiliatorov,https://storage.yandexcloud.net/tcf-images/sub_categories/1fe7ffe8-b5f9-46ad-b054-48d3d7ee5296.jpg
8acac923-61e8-4bc2-8b29-7e34086a468c,117ab60e-4800-478e-ba04-d8dc8b227d46,Крылья / Накладки крыльев,krylia-nakladki-krylev,https://storage.yandexcloud.net/tcf-images/default.svg
c7f9771f-b97b-47d8-8a64-4510e43aa4d0,117ab60e-4800-478e-ba04-d8dc8b227d46,Крышка зеркала,kryshka-zerkala,https://storage.yandexcloud.net/tcf-images/default.svg
5d1ce2f9-b1ca-4651-8bfe-fcd38f039d23,3d53dd59-ef02-4e61-9738-0e9e34954eae,Крышки бензобака,kryshki-benzobaka,https://storage.yandexcloud.net/tcf-images/default.svg
99085507-8ee5-4548-96e9-702d0bf59af0,14b97f4e-af40-4e54-a623-3dd140ccd0c4,Крышки системы охлаждения,kryshki-sistemy-okhlazhdeniia,https://storage.yandexcloud.net/tcf-images/default.svg
3caab954-8dd2-48db-9ef4-469171958753,2817180f-126a-4768-b424-f8e412489d2a,Крышки трамблера,kryshki-tramblera,https://storage.yandexcloud.net/tcf-images/default.svg
7249cb2c-6007-4517-87a1-3bc32a7e4bf0,c771d427-6f41-4ee8-a484-e7c7f5e10a24,К-т болтов головки,k-t-boltov-golovki,https://storage.yandexcloud.net/tcf-images/sub_categories/7249cb2c-6007-4517-87a1-3bc32a7e4bf0.png
233f8fe5-3796-4e0b-b61a-ea947b91fe02,73a31c3d-db35-48a5-819b-9e9c297cc06f,К-т ремней ГРМ с роликами,k-t-remnei-grm-s-rolikami,https://storage.yandexcloud.net/tcf-images/default.svg
83617444-cc1b-4037-a595-3290044187e2,73a31c3d-db35-48a5-819b-9e9c297cc06f,К-т ремней генератора с роликами,k-t-remnei-generatora-s-rolikami,https://storage.yandexcloud.net/tcf-images/default.svg
aef0c9b7-8600-47e3-a81a-390f0d78feb2,081abeac-63b8-4d42-87d6-f7610fbaaf78,Лампочки,lampochki,https://storage.yandexcloud.net/tcf-images/default.svg
52225911-f48c-4d7b-ba47-3d297d6f878e,117ab60e-4800-478e-ba04-d8dc8b227d46,Личинки / К-т замков (личинок),lichinki-k-t-zamkov-lichinok,https://storage.yandexcloud.net/tcf-images/sub_categories/52225911-f48c-4d7b-ba47-3d297d6f878e.png
dd1e8f3e-73a4-4010-aa2a-dd09686f84ba,3d53dd59-ef02-4e61-9738-0e9e34954eae,Лючок крышки бензобака,liuchok-kryshki-benzobaka,https://storage.yandexcloud.net/tcf-images/default.svg
89019680-add4-4db5-89d8-5a1c578a2cf9,4b6957d9-a95f-454d-ba60-5a4582cec4de,Лямбда-зонд,liambda-zond,https://storage.yandexcloud.net/tcf-images/default.svg
b093e4d7-85f6-44ea-8e5d-309d1bfd4fce,c771d427-6f41-4ee8-a484-e7c7f5e10a24,Маслонасос и система смазки,maslonasos-i-sistema-smazki,https://storage.yandexcloud.net/tcf-images/sub_categories/b093e4d7-85f6-44ea-8e5d-309d1bfd4fce.png
bd2fe2b2-b2d6-4fee-a6ae-712b9af88162,0fabb126-55d9-44c3-b59e-ac420bf5716e,Маховик,makhovik,https://storage.yandexcloud.net/tcf-images/sub_categories/bd2fe2b2-b2d6-4fee-a6ae-712b9af88162.png
047b4985-3700-4a74-ab8a-613ab911f534,2817180f-126a-4768-b424-f8e412489d2a,Модули зажигания,moduli-zazhiganiia,https://storage.yandexcloud.net/tcf-images/default.svg
313edd54-fa38-47d1-be9a-34e48157c213,117ab60e-4800-478e-ba04-d8dc8b227d46,Наружная облицовка,naruzhnaia-oblitsovka,https://storage.yandexcloud.net/tcf-images/default.svg
592695e8-7739-4949-8cb2-c75a37771a81,14b97f4e-af40-4e54-a623-3dd140ccd0c4,Компрессоры кондиционера / Ресиверы / Шланги / комплектующие,kompressory-konditsionera-resivery-shlangi-komplektuiushchie,https://storage.yandexcloud.net/tcf-images/default.svg
fdda73a8-195a-4364-a6bc-f134a5481f67,0fabb126-55d9-44c3-b59e-ac420bf5716e,Натяжители сцепления,natiazhiteli-stsepleniia,https://storage.yandexcloud.net/tcf-images/sub_categories/fdda73a8-195a-4364-a6bc-f134a5481f67.png
810bd6ee-b9ea-4198-a1b8-398817c9e81d,73a31c3d-db35-48a5-819b-9e9c297cc06f,Натяжители ГРМ и ремней генератора,natiazhiteli-grm-i-remnei-generatora,https://storage.yandexcloud.net/tcf-images/default.svg
4b704d3a-a8b6-471e-9ff9-092bad84b071,29590fd1-80a8-44de-b159-6f0dca380c74,Огнетушитель,ognetushitel,https://storage.yandexcloud.net/tcf-images/default.svg
34f9cc0f-fc23-4d08-a00f-9df967cdae5d,29590fd1-80a8-44de-b159-6f0dca380c74,Одежда,odezhda,https://storage.yandexcloud.net/tcf-images/default.svg
29f18a84-a386-42d1-a4e4-df0dc92284b5,c771d427-6f41-4ee8-a484-e7c7f5e10a24,Опоры и подушки двигателя,opory-i-podushki-dvigatelia,https://storage.yandexcloud.net/tcf-images/sub_categories/29f18a84-a386-42d1-a4e4-df0dc92284b5.png
561af62f-9837-4bd8-bcf0-039bdcfd4c24,3f1c551d-40b4-48af-bd59-510e8cc908cd,Подушки / Опоры КПП,podushki-opory-kpp,https://storage.yandexcloud.net/tcf-images/default.svg
a8501fe4-67a9-4aa6-8d77-2f7a37b82d4f,590b9640-e38b-40f7-8f54-602108d91905,Трубки масла турбин,trubki-masla-turbin,https://storage.yandexcloud.net/tcf-images/default.svg
386ea7b0-079c-4366-97d2-cf2f6ef0dddd,590b9640-e38b-40f7-8f54-602108d91905,Патрубки интеркулера,patrubki-interkulera,https://storage.yandexcloud.net/tcf-images/default.svg
939c24a8-9e1d-43a2-b81f-209090e02ae9,c771d427-6f41-4ee8-a484-e7c7f5e10a24,Патрубок воздушного фильтра,patrubok-vozdushnogo-filtra,https://storage.yandexcloud.net/tcf-images/sub_categories/939c24a8-9e1d-43a2-b81f-209090e02ae9.png
d8033da8-4733-40c8-b94a-996b6dd27e60,4b6957d9-a95f-454d-ba60-5a4582cec4de,Переключатель на педали сцепления,perekliuchatel-na-pedali-stsepleniia,https://storage.yandexcloud.net/tcf-images/default.svg
c15846ed-df99-4401-80bb-78a138acbe6b,29590fd1-80a8-44de-b159-6f0dca380c74,Перчатки,perchatki,https://storage.yandexcloud.net/tcf-images/default.svg
c180fba6-375b-4b96-881e-5b0336f85a09,117ab60e-4800-478e-ba04-d8dc8b227d46,Петли дверей,petli-dverei,https://storage.yandexcloud.net/tcf-images/default.svg
834f605f-18c0-4e8d-b9ef-fec5bed50da5,081abeac-63b8-4d42-87d6-f7610fbaaf78,Плата заднего фонаря,plata-zadnego-fonaria,https://storage.yandexcloud.net/tcf-images/default.svg
68a4e8b1-9aca-4178-a4e7-ffc577e4891a,081abeac-63b8-4d42-87d6-f7610fbaaf78,Поворотники,povorotniki,https://storage.yandexcloud.net/tcf-images/default.svg
f0636097-000e-4cb9-bc29-1efe7783af13,081abeac-63b8-4d42-87d6-f7610fbaaf78,Дублер поворота в зеркале,dubler-povorota-v-zerkale,https://storage.yandexcloud.net/tcf-images/default.svg
8be3a202-7cee-4db7-a84f-9ad5e0df8197,081abeac-63b8-4d42-87d6-f7610fbaaf78,Повторитель крыла,povtoritel-kryla,https://storage.yandexcloud.net/tcf-images/default.svg
b69a0343-171e-428e-9d1d-ea77394b07e7,ca2c4289-d782-483a-9717-d65fd4d9435c,Подвесной подшипник полуоси,podvesnoi-podshipnik-poluosi,https://storage.yandexcloud.net/tcf-images/sub_categories/b69a0343-171e-428e-9d1d-ea77394b07e7.jpg
e1890c61-72af-4fb0-9e89-acc8216c0a4e,c771d427-6f41-4ee8-a484-e7c7f5e10a24,Поддон ДВС,poddon-dvs,https://storage.yandexcloud.net/tcf-images/sub_categories/e1890c61-72af-4fb0-9e89-acc8216c0a4e.png
fd719a6e-7940-4fc2-805d-37174899cd16,117ab60e-4800-478e-ba04-d8dc8b227d46,Подкрылки,podkrylki,https://storage.yandexcloud.net/tcf-images/default.svg
9fa8d82c-32fd-44c5-b2b8-5763e57f6c8a,081abeac-63b8-4d42-87d6-f7610fbaaf78,Подсветка номера,podsvetka-nomera,https://storage.yandexcloud.net/tcf-images/default.svg
97a4d9d8-78fd-49bf-89e3-909479216a5d,6b21d3f1-f7b2-40e5-b12f-906dd4f54ce3,Подушка амортизатора,podushka-amortizatora,https://storage.yandexcloud.net/tcf-images/default.svg
a8510aa2-d5ae-4d52-a75c-380ab84d2416,6b21d3f1-f7b2-40e5-b12f-906dd4f54ce3,Подшипник амортизатора,podshipnik-amortizatora,https://storage.yandexcloud.net/tcf-images/default.svg
c34de1cc-4740-43dd-8bdd-7ff03b1a3c1c,3ab418bf-e501-40c1-91ee-0535642e203d,Подшипники генератора,podshipniki-generatora,https://storage.yandexcloud.net/tcf-images/default.svg
13513b24-917f-49e4-8398-de68844de2d6,3f1c551d-40b4-48af-bd59-510e8cc908cd,Подшипники КПП,podshipniki-kpp,https://storage.yandexcloud.net/tcf-images/default.svg
bad009c1-563f-4c97-a8dc-51555a61603f,ca2c4289-d782-483a-9717-d65fd4d9435c,Подшипники редуктора,podshipniki-reduktora,https://storage.yandexcloud.net/tcf-images/sub_categories/bad009c1-563f-4c97-a8dc-51555a61603f.jpg
746ee736-4c0b-44f4-a91d-fae605c6eec5,1dcdfcf8-2340-4676-8f86-3e7bddf50fb6,Подшипники рулевого управления,podshipniki-rulevogo-upravleniia,https://storage.yandexcloud.net/tcf-images/default.svg
57cd835a-8555-4538-9c59-a94596f3cc1a,6b21d3f1-f7b2-40e5-b12f-906dd4f54ce3,Подшипники ступицы,podshipniki-stupitsy,https://storage.yandexcloud.net/tcf-images/default.svg
2be62399-ac55-4839-ba7d-5f4e2f713f26,ca2c4289-d782-483a-9717-d65fd4d9435c,Полуоси,poluosi,https://storage.yandexcloud.net/tcf-images/sub_categories/2be62399-ac55-4839-ba7d-5f4e2f713f26.jpg
65e4d47e-902f-4b30-9cbd-acf94db999fa,1dcdfcf8-2340-4676-8f86-3e7bddf50fb6,Помпа г/у руля,pompa-g-u-rulia,https://storage.yandexcloud.net/tcf-images/default.svg
f4df59be-5551-4ccd-8f6f-7c2ae8cf5f96,c771d427-6f41-4ee8-a484-e7c7f5e10a24,Поршень ДВС,porshen-dvs,https://storage.yandexcloud.net/tcf-images/sub_categories/f4df59be-5551-4ccd-8f6f-7c2ae8cf5f96.png
8a185c22-89a5-4c5c-865e-cf7965b83577,4b6957d9-a95f-454d-ba60-5a4582cec4de,Предохранители,predokhraniteli,https://storage.yandexcloud.net/tcf-images/default.svg
1048b335-3dcc-476a-a01e-e8df2b4db7e7,c771d427-6f41-4ee8-a484-e7c7f5e10a24,Прокладка Крышки двигателя,prokladka-kryshki-dvigatelia,https://storage.yandexcloud.net/tcf-images/default.svg
cae33499-e8d9-477d-b9b7-b8b25ad32eeb,c771d427-6f41-4ee8-a484-e7c7f5e10a24,Прокладка под головку,prokladka-pod-golovku,https://storage.yandexcloud.net/tcf-images/sub_categories/cae33499-e8d9-477d-b9b7-b8b25ad32eeb.png
d7e86a93-3612-4af9-8e61-584776e81067,c771d427-6f41-4ee8-a484-e7c7f5e10a24,Прокладки впускного колектора,prokladki-vpusknogo-kolektora,https://storage.yandexcloud.net/tcf-images/sub_categories/d7e86a93-3612-4af9-8e61-584776e81067.png
17d1ef36-0c6d-4498-b0ed-787a85c96fbc,590b9640-e38b-40f7-8f54-602108d91905,Прокладки выпускного тракта и турбин,prokladki-vypusknogo-trakta-i-turbin,https://storage.yandexcloud.net/tcf-images/default.svg
5fccc0b8-20f7-4842-86cf-7a8a489263e2,c771d427-6f41-4ee8-a484-e7c7f5e10a24,Прокладки клапанной крышки,prokladki-klapannoi-kryshki,https://storage.yandexcloud.net/tcf-images/default.svg
dd3824d9-a360-43f1-9607-7dd1b0f9c061,c771d427-6f41-4ee8-a484-e7c7f5e10a24,Прокладки поддона,prokladki-poddona,https://storage.yandexcloud.net/tcf-images/default.svg
821672d2-fb0e-45e7-9f0b-abfcb7ceb949,c771d427-6f41-4ee8-a484-e7c7f5e10a24,Прокладки разные,prokladki-raznye,https://storage.yandexcloud.net/tcf-images/default.svg
4da9ea71-207c-4f4f-9e65-e99647ba8d04,081abeac-63b8-4d42-87d6-f7610fbaaf78,Противотуманные фары,protivotumannye-fary,https://storage.yandexcloud.net/tcf-images/default.svg
602b5abe-f8bb-4556-a09a-052c5363288c,6b21d3f1-f7b2-40e5-b12f-906dd4f54ce3,Пружины,pruzhiny,https://storage.yandexcloud.net/tcf-images/default.svg
0eddb0b6-c052-46e0-a424-73ac501df174,1dcdfcf8-2340-4676-8f86-3e7bddf50fb6,Пыльники рулевой рейки,pylniki-rulevoi-reiki,https://storage.yandexcloud.net/tcf-images/default.svg
1ac52201-4f90-41e4-afee-a1ab72455844,ca2c4289-d782-483a-9717-d65fd4d9435c,Пыльники ШРУСов и приводов,pylniki-shrusov-i-privodov,https://storage.yandexcloud.net/tcf-images/default.svg
768c3e18-b9a1-48a3-b105-78b3d24fc7a7,8a263be8-4742-48dd-9b4c-713fc2a344f9,Рабочие тормозные цилиндры,rabochie-tormoznye-tsilindry,https://storage.yandexcloud.net/tcf-images/default.svg
20f7916b-0dea-4f79-8e77-03b7d558ea60,0fabb126-55d9-44c3-b59e-ac420bf5716e,Рабочий цилиндр сцепления,rabochii-tsilindr-stsepleniia,https://storage.yandexcloud.net/tcf-images/sub_categories/20f7916b-0dea-4f79-8e77-03b7d558ea60.png
6d6f284c-8fc9-4fa7-9b39-483654f94888,14b97f4e-af40-4e54-a623-3dd140ccd0c4,Радиатор кондиционера,radiator-konditsionera,https://storage.yandexcloud.net/tcf-images/default.svg
bdef84c6-a474-426a-8893-9ed49bdfaf51,14b97f4e-af40-4e54-a623-3dd140ccd0c4,Радиаторы ДВС,radiatory-dvs,https://storage.yandexcloud.net/tcf-images/default.svg
9382c22f-4866-4b72-bc3e-2b0edd5f3762,3f1c551d-40b4-48af-bd59-510e8cc908cd,Радиаторы КПП,radiatory-kpp,https://storage.yandexcloud.net/tcf-images/default.svg
dc99184f-3811-44e7-bcaf-de77772d1660,14b97f4e-af40-4e54-a623-3dd140ccd0c4,Радиаторы отопителя,radiatory-otopitelia,https://storage.yandexcloud.net/tcf-images/default.svg
62b66dbe-c0f5-4bfe-a9c6-8e152c3e7c90,081abeac-63b8-4d42-87d6-f7610fbaaf78,Разъемы,razemy,https://storage.yandexcloud.net/tcf-images/default.svg
3a7a4137-4a56-4f53-8dd0-4fcad9f7d2b5,081abeac-63b8-4d42-87d6-f7610fbaaf78,Рамка / крепления противотуманной фары,ramka-krepleniia-protivotumannoi-fary,https://storage.yandexcloud.net/tcf-images/default.svg
16aa3f1d-37c7-410f-8257-c5b95a2bf04a,c771d427-6f41-4ee8-a484-e7c7f5e10a24,Распредвал,raspredval,https://storage.yandexcloud.net/tcf-images/default.svg
23823961-4d42-439c-b7a5-9825a9e0a993,3d53dd59-ef02-4e61-9738-0e9e34954eae,Распылители,raspyliteli,https://storage.yandexcloud.net/tcf-images/default.svg
88059f26-7fbb-47f5-bdd8-7a736e993989,3d53dd59-ef02-4e61-9738-0e9e34954eae,Расходомер (ДМРВ),raskhodomer-dmrv,https://storage.yandexcloud.net/tcf-images/default.svg
1df8467c-c905-4873-9a26-724c0254e665,3ab418bf-e501-40c1-91ee-0535642e203d,Регулятор напряжения,reguliator-napriazheniia,https://storage.yandexcloud.net/tcf-images/default.svg
beb715d9-ed36-4c65-ba11-03f39047437a,3d53dd59-ef02-4e61-9738-0e9e34954eae,Регулятор холостого хода,reguliator-kholostogo-khoda,https://storage.yandexcloud.net/tcf-images/sub_categories/beb715d9-ed36-4c65-ba11-03f39047437a.png
765015fd-5545-4a53-898d-adca26f84d1e,ca2c4289-d782-483a-9717-d65fd4d9435c,"Редуктора,мосты и компоненты",reduktora-mosty-i-komponenty,https://storage.yandexcloud.net/tcf-images/default.svg
8ad5786b-4dfc-41f1-8577-911b04b47af1,0b6c2dd3-691a-4c5e-a67b-561fe99d4a57,Резиновая эластичная муфта,rezinovaia-elastichnaia-mufta,https://storage.yandexcloud.net/tcf-images/default.svg
3b404a39-9598-47eb-ba29-5c60a2915bce,4b6957d9-a95f-454d-ba60-5a4582cec4de,Реле,rele,https://storage.yandexcloud.net/tcf-images/default.svg
e7eea8ef-2408-476b-b5e4-378de45b5135,3d53dd59-ef02-4e61-9738-0e9e34954eae,Ремкомплекты карбюратора / ТНВД / Форсунок,remkomplekty-karbiuratora-tnvd-forsunok,https://storage.yandexcloud.net/tcf-images/default.svg
ff4db138-89ef-4911-a444-062cd6844643,1dcdfcf8-2340-4676-8f86-3e7bddf50fb6,Ремкомплекты рулевого управления,remkomplekty-rulevogo-upravleniia,https://storage.yandexcloud.net/tcf-images/default.svg
46df7fd6-f970-4463-befb-bce7d0cdb682,8a263be8-4742-48dd-9b4c-713fc2a344f9,Ремкомплекты Суппорта,remkomplekty-supporta,https://storage.yandexcloud.net/tcf-images/default.svg
c16fe706-42a7-4105-81df-1b8c697ec608,8a263be8-4742-48dd-9b4c-713fc2a344f9,Ремкомплекты тормозных цилиндров,remkomplekty-tormoznykh-tsilindrov,https://storage.yandexcloud.net/tcf-images/default.svg
3ed54e5b-ae55-498b-859e-112d82cac271,3f1c551d-40b4-48af-bd59-510e8cc908cd,"Ремкомплекты, прокладки КПП",remkomplekty-prokladki-kpp,https://storage.yandexcloud.net/tcf-images/default.svg
01df69be-1e10-457a-a2f0-354295bea346,73a31c3d-db35-48a5-819b-9e9c297cc06f,Ремни разные,remni-raznye,https://storage.yandexcloud.net/tcf-images/default.svg
30ab2aa8-6b5c-4250-8eae-6d7e0f87f387,4b6957d9-a95f-454d-ba60-5a4582cec4de,Реостат печки,reostat-pechki,https://storage.yandexcloud.net/tcf-images/default.svg
ad93da08-7b96-484a-815d-c5d6552f9827,6b21d3f1-f7b2-40e5-b12f-906dd4f54ce3,Рессоры,ressory,https://storage.yandexcloud.net/tcf-images/default.svg
f1fbf0b4-3212-44fb-a3ab-0d7dd12bfedc,117ab60e-4800-478e-ba04-d8dc8b227d46,Ролики дверей,roliki-dverei,https://storage.yandexcloud.net/tcf-images/default.svg
c15a8544-635b-48a7-9194-be1ddc4bce90,73a31c3d-db35-48a5-819b-9e9c297cc06f,Ролики ДВС отдельно  (ГРМ + генераторные),roliki-dvs-otdelno-grm-generatornye,https://storage.yandexcloud.net/tcf-images/default.svg
f4666e72-b847-4268-8780-70aa6be997cf,1dcdfcf8-2340-4676-8f86-3e7bddf50fb6,Рулевые карданы,rulevye-kardany,https://storage.yandexcloud.net/tcf-images/default.svg
ff74a071-dfbb-441e-9007-18a6849608d1,1dcdfcf8-2340-4676-8f86-3e7bddf50fb6,Рулевые колонки,rulevye-kolonki,https://storage.yandexcloud.net/tcf-images/default.svg
c42741ce-f155-4845-a539-726ed79bfb77,1dcdfcf8-2340-4676-8f86-3e7bddf50fb6,Рулевые наконечники,rulevye-nakonechniki,https://storage.yandexcloud.net/tcf-images/default.svg
5b506601-cbbc-44b4-b7ad-9f018ff35ef1,1dcdfcf8-2340-4676-8f86-3e7bddf50fb6,Рулевые рейки,rulevye-reiki,https://storage.yandexcloud.net/tcf-images/default.svg
80c88f21-a4bb-4afd-a317-a8eb3fef29ca,1dcdfcf8-2340-4676-8f86-3e7bddf50fb6,Рулевые тяги,rulevye-tiagi,https://storage.yandexcloud.net/tcf-images/default.svg
38958963-ff31-40b5-bf63-55611319b904,73a31c3d-db35-48a5-819b-9e9c297cc06f,Ручейковые ремни 7PK,rucheikovye-remni-7pk,https://storage.yandexcloud.net/tcf-images/sub_categories/38958963-ff31-40b5-bf63-55611319b904.jpg
b9c17d18-b390-42e4-b9b3-a789a77fd3ba,117ab60e-4800-478e-ba04-d8dc8b227d46,Ручки дверей,ruchki-dverei,https://storage.yandexcloud.net/tcf-images/default.svg
b2106a84-08f1-4aea-9ee3-3c75afd64525,6b21d3f1-f7b2-40e5-b12f-906dd4f54ce3,Рычаг Перений подвески,rychag-perenii-podveski,https://storage.yandexcloud.net/tcf-images/default.svg
6ea76f89-bdc8-4062-b9ee-c2f65d0b2974,6b21d3f1-f7b2-40e5-b12f-906dd4f54ce3,Рычаги задней подвески,rychagi-zadnei-podveski,https://storage.yandexcloud.net/tcf-images/default.svg
6184ebd4-6ca1-45e5-a33b-2fc94e66f404,3f1c551d-40b4-48af-bd59-510e8cc908cd,Рычаги / чехлы / рукоятка КПП,rychagi-chekhly-rukoiatka-kpp,https://storage.yandexcloud.net/tcf-images/default.svg
10b7cbc3-bd7d-49b3-aa91-fa5018c2510b,6b21d3f1-f7b2-40e5-b12f-906dd4f54ce3,Сайлентблоки подвески,sailentbloki-podveski,https://storage.yandexcloud.net/tcf-images/default.svg
6b5d95e6-0cb2-4854-816c-bd05f44bc615,29590fd1-80a8-44de-b159-6f0dca380c74,Салфетка замшевая,salfetka-zamshevaia,https://storage.yandexcloud.net/tcf-images/default.svg
b671b23e-67be-40b9-a79a-857de9355c09,3ab418bf-e501-40c1-91ee-0535642e203d,Сальники генератора,salniki-generatora,https://storage.yandexcloud.net/tcf-images/default.svg
f5d6060c-0a71-4240-ac7c-0c647638c6ef,c771d427-6f41-4ee8-a484-e7c7f5e10a24,Сальники двигателя,salniki-dvigatelia,https://storage.yandexcloud.net/tcf-images/default.svg
af41b12b-9ce6-4d39-a83b-86d91847a4d2,c771d427-6f41-4ee8-a484-e7c7f5e10a24,Сальники клапанов,salniki-klapanov,https://storage.yandexcloud.net/tcf-images/default.svg
a3c0835b-fda3-45a1-8b76-167a1a2d2e67,3f1c551d-40b4-48af-bd59-510e8cc908cd,Сальники КПП,salniki-kpp,https://storage.yandexcloud.net/tcf-images/default.svg
928cb03f-a844-45c6-9ec5-f6123018a462,ca2c4289-d782-483a-9717-d65fd4d9435c,Сальники редуктора и приводов,salniki-reduktora-i-privodov,https://storage.yandexcloud.net/tcf-images/default.svg
d802a521-763c-4745-958f-ad2f40b13a32,6b21d3f1-f7b2-40e5-b12f-906dd4f54ce3,Сальники ступиц,salniki-stupits,https://storage.yandexcloud.net/tcf-images/default.svg
c29c0339-5b8a-4c59-b3b2-ef91d3bc81f9,732f6c1e-8e82-46bc-81a4-23e968126e8b,Свечи зажигания,svechi-zazhiganiia,https://storage.yandexcloud.net/tcf-images/default.svg
3160d0c1-d975-4289-900c-4c455e00b704,732f6c1e-8e82-46bc-81a4-23e968126e8b,Свечи накала,svechi-nakala,https://storage.yandexcloud.net/tcf-images/default.svg
7a72218e-225b-40ee-aac5-0fcd14ae9b99,29590fd1-80a8-44de-b159-6f0dca380c74,Сигнал автомобильный,signal-avtomobilnyi,https://storage.yandexcloud.net/tcf-images/default.svg
b3950d6a-772d-4325-b370-343b002ac1b5,3f1c551d-40b4-48af-bd59-510e8cc908cd,Синхронизаторы КПП,sinkhronizatory-kpp,https://storage.yandexcloud.net/tcf-images/default.svg
a99716d7-c5bf-41c9-998b-02f6ba9ecb60,117ab60e-4800-478e-ba04-d8dc8b227d46,Скобы / Защелки дверей,skoby-zashchelki-dverei,https://storage.yandexcloud.net/tcf-images/default.svg
7a5c6c8a-ff59-49d5-85af-74e39de2c0d3,29590fd1-80a8-44de-b159-6f0dca380c74,Скотч / Изолента,skotch-izolenta,https://storage.yandexcloud.net/tcf-images/default.svg
17a64339-074c-42b8-a382-42842de07601,29590fd1-80a8-44de-b159-6f0dca380c74,Солнцезащитные шторки,solntsezashchitnye-shtorki,https://storage.yandexcloud.net/tcf-images/default.svg
647a95bb-9b06-47f4-b21b-4391207db931,6b21d3f1-f7b2-40e5-b12f-906dd4f54ce3,Стабилизаторы поперечной устойчивости,stabilizatory-poperechnoi-ustoichivosti,https://storage.yandexcloud.net/tcf-images/default.svg
f026f648-cc9d-41e2-a348-43a21a2c7c57,03a88661-1d50-44cb-abd2-d60efe56f712,Стартеры в сборе,startery-v-sbore,https://storage.yandexcloud.net/tcf-images/sub_categories/f026f648-cc9d-41e2-a348-43a21a2c7c57.png
9be6d459-b345-4bde-90c6-5d0e52f82588,29590fd1-80a8-44de-b159-6f0dca380c74,Стартовые провода,startovye-provoda,https://storage.yandexcloud.net/tcf-images/default.svg
3698255b-2aea-40bb-9b56-974d3db423ca,117ab60e-4800-478e-ba04-d8dc8b227d46,Стёкла кузова / уплотнители стекол,stekla-kuzova-uplotniteli-stekol,https://storage.yandexcloud.net/tcf-images/default.svg
41bf8219-2cdc-43a7-b1fe-c343a022815d,081abeac-63b8-4d42-87d6-f7610fbaaf78,Стекла фар,stekla-far,https://storage.yandexcloud.net/tcf-images/default.svg
fee4de3e-2854-49e9-970c-465c0bdc5710,117ab60e-4800-478e-ba04-d8dc8b227d46,Стекло зеркала,steklo-zerkala,https://storage.yandexcloud.net/tcf-images/default.svg
32a1eada-a2c5-4eb9-aab8-ea17ca0a2286,117ab60e-4800-478e-ba04-d8dc8b227d46,Стеклоподъемник,steklopodemnik,https://storage.yandexcloud.net/tcf-images/default.svg
5cbdd9b5-b54e-4429-b446-9c1bbb910654,117ab60e-4800-478e-ba04-d8dc8b227d46,Стойки телескопические,stoiki-teleskopicheskie,https://storage.yandexcloud.net/tcf-images/default.svg
c1eda244-8ce8-49ea-9a00-2fd8db00bf11,6b21d3f1-f7b2-40e5-b12f-906dd4f54ce3,Стремянка,stremianka,https://storage.yandexcloud.net/tcf-images/default.svg
95328791-5595-45a1-8ce1-65e6b5682e39,6b21d3f1-f7b2-40e5-b12f-906dd4f54ce3,Ступицы и цапфы,stupitsy-i-tsapfy,https://storage.yandexcloud.net/tcf-images/default.svg
7a407210-e88a-43f0-91ee-59940437cf74,14b97f4e-af40-4e54-a623-3dd140ccd0c4,Термомуфты / шкивы помп / подшипники,termomufty-shkivy-pomp-podshipniki,https://storage.yandexcloud.net/tcf-images/default.svg
722f2507-5bae-474d-93d6-0bcc231bd770,14b97f4e-af40-4e54-a623-3dd140ccd0c4,Термостат,termostat,https://storage.yandexcloud.net/tcf-images/default.svg
d7a0ec68-ba8e-40a6-ac6c-7aac4edd208a,c771d427-6f41-4ee8-a484-e7c7f5e10a24,"Толкатели,коромысла, гидрокомпенсаторы",tolkateli-koromysla-gidrokompensatory,https://storage.yandexcloud.net/tcf-images/default.svg
bd6aa3f6-5270-4022-a385-37a05f095a47,3d53dd59-ef02-4e61-9738-0e9e34954eae,Топливные насосы / Датчики бензобака (уровня топлива),toplivnye-nasosy-datchiki-benzobaka-urovnia-topliva,https://storage.yandexcloud.net/tcf-images/sub_categories/bd6aa3f6-5270-4022-a385-37a05f095a47.jpg
5e80e0dd-8545-4ef3-bd06-a55d2013a9e6,4434f5b3-6c82-4573-aac6-e07f68ba18cc,Топливные фильтра,toplivnye-filtra,https://storage.yandexcloud.net/tcf-images/sub_categories/5e80e0dd-8545-4ef3-bd06-a55d2013a9e6.jpg
341949f5-96f4-4717-8022-365b6686af6e,8a263be8-4742-48dd-9b4c-713fc2a344f9,Тормозные барабаны,tormoznye-barabany,https://storage.yandexcloud.net/tcf-images/default.svg
dba8cfec-893a-4afb-9b3b-a06bc776f2e6,8a263be8-4742-48dd-9b4c-713fc2a344f9,Тормозные суппорта,tormoznye-supporta,https://storage.yandexcloud.net/tcf-images/default.svg
634836dc-4ff1-4513-a4f6-1bacbf9de681,8a263be8-4742-48dd-9b4c-713fc2a344f9,Тормозные шланги и трубки,tormoznye-shlangi-i-trubki,https://storage.yandexcloud.net/tcf-images/default.svg
428e6e81-5ced-4d4b-80d5-c6b0d55b4dba,2817180f-126a-4768-b424-f8e412489d2a,Трамблеры,tramblery,https://storage.yandexcloud.net/tcf-images/default.svg
1fd57fc1-7560-403c-85fd-94fc931a7aaf,ca2c4289-d782-483a-9717-d65fd4d9435c,Трехшип,trekhship,https://storage.yandexcloud.net/tcf-images/default.svg
a596857f-ed4a-4d6c-aa89-bda2ab5129ac,29590fd1-80a8-44de-b159-6f0dca380c74,Трос буксировочный,tros-buksirovochnyi,https://storage.yandexcloud.net/tcf-images/default.svg
631550ee-f534-4678-9303-5ca5b72af67c,3f1c551d-40b4-48af-bd59-510e8cc908cd,Трос переключения передач,tros-perekliucheniia-peredach,https://storage.yandexcloud.net/tcf-images/default.svg
96657bf6-3570-4726-af2b-e8a99a479610,3d53dd59-ef02-4e61-9738-0e9e34954eae,Тросики газа,trosiki-gaza,https://storage.yandexcloud.net/tcf-images/default.svg
2a551b10-1e39-4866-8c13-66fc8c2ece31,8a263be8-4742-48dd-9b4c-713fc2a344f9,Тросики и тяги  ручного тормоза,trosiki-i-tiagi-ruchnogo-tormoza,https://storage.yandexcloud.net/tcf-images/default.svg
b873ffbf-53be-488e-a159-c255ba8b8bc2,3f1c551d-40b4-48af-bd59-510e8cc908cd,Тросики спидометра,trosiki-spidometra,https://storage.yandexcloud.net/tcf-images/default.svg
dcb092f0-c19a-4a10-8007-6badbaafbf93,0fabb126-55d9-44c3-b59e-ac420bf5716e,Тросики сцепления,trosiki-stsepleniia,https://storage.yandexcloud.net/tcf-images/sub_categories/dcb092f0-c19a-4a10-8007-6badbaafbf93.png
4ef92e1a-bdc8-47af-9beb-24f2bc93d558,3d53dd59-ef02-4e61-9738-0e9e34954eae,Трубки топливной системы,trubki-toplivnoi-sistemy,https://storage.yandexcloud.net/tcf-images/default.svg
f9ee2043-170d-4e75-b963-aebe4eec72e5,590b9640-e38b-40f7-8f54-602108d91905,Турбины в сборе,turbiny-v-sbore,https://storage.yandexcloud.net/tcf-images/default.svg
0ee47975-7754-45f0-b73d-09ff570a85f5,117ab60e-4800-478e-ba04-d8dc8b227d46,Уплотнители дверей,uplotniteli-dverei,https://storage.yandexcloud.net/tcf-images/default.svg
e5ab82d0-768a-4cd0-9599-a1e2cfaf2d41,3d53dd59-ef02-4e61-9738-0e9e34954eae,Уплотнитель форсунки,uplotnitel-forsunki,https://storage.yandexcloud.net/tcf-images/default.svg
96a20297-48f4-4776-84dc-6f28f7fa4bb0,c771d427-6f41-4ee8-a484-e7c7f5e10a24,"Успокоители, гидронатяжители цепей",uspokoiteli-gidronatiazhiteli-tsepei,https://storage.yandexcloud.net/tcf-images/default.svg
0e991842-150d-4192-8471-8b1cd458002e,081abeac-63b8-4d42-87d6-f7610fbaaf78,Фары,fary,https://storage.yandexcloud.net/tcf-images/default.svg
131b3fb3-37fd-499f-b8ce-6ac3f589f158,03a88661-1d50-44cb-abd2-d60efe56f712,Щётки стартера,shchetki-startera,https://storage.yandexcloud.net/tcf-images/sub_categories/131b3fb3-37fd-499f-b8ce-6ac3f589f158.png
e846675b-677b-44ce-9c59-c64593e9ebde,4434f5b3-6c82-4573-aac6-e07f68ba18cc,"Фильтр АКПП, ГУР, раздатки и пр.",filtr-akpp-gur-razdatki-i-pr,https://storage.yandexcloud.net/tcf-images/sub_categories/e846675b-677b-44ce-9c59-c64593e9ebde.jpg
e0f1ee77-10d4-4751-9a35-9a07b22394da,4434f5b3-6c82-4573-aac6-e07f68ba18cc,Фильтр масляный,filtr-maslianyi,https://storage.yandexcloud.net/tcf-images/sub_categories/e0f1ee77-10d4-4751-9a35-9a07b22394da.jpg
49b66c89-1f72-4545-ae04-1865bb150b58,4434f5b3-6c82-4573-aac6-e07f68ba18cc,Фильтр салона_,filtr-salona,https://storage.yandexcloud.net/tcf-images/default.svg
67cffb04-1532-4b1e-8d46-40c8dbe3d075,3d53dd59-ef02-4e61-9738-0e9e34954eae,Форсунки и распылители,forsunki-i-raspyliteli,https://storage.yandexcloud.net/tcf-images/sub_categories/67cffb04-1532-4b1e-8d46-40c8dbe3d075.jpeg
8a43ce73-5fc6-47c9-8c5d-ac63f65e8270,29590fd1-80a8-44de-b159-6f0dca380c74,Хомуты,khomuty,https://storage.yandexcloud.net/tcf-images/default.svg
ef6f63ad-9f8b-4885-8fc6-9ed713e5dce6,0b6c2dd3-691a-4c5e-a67b-561fe99d4a57,Центральный подшипник карданного вала,tsentralnyi-podshipnik-kardannogo-vala,https://storage.yandexcloud.net/tcf-images/default.svg
cca8f20f-3aa5-419a-8621-8b46c9b1c99d,c771d427-6f41-4ee8-a484-e7c7f5e10a24,Цепи,tsepi,https://storage.yandexcloud.net/tcf-images/default.svg
2460c323-55ef-40a1-a30e-42c79ac53892,3d53dd59-ef02-4e61-9738-0e9e34954eae,Шайба уплотнительная,shaiba-uplotnitelnaia,https://storage.yandexcloud.net/tcf-images/default.svg
1cb0f537-9e3b-4514-87aa-7219d2b5d1a7,6b21d3f1-f7b2-40e5-b12f-906dd4f54ce3,Шаровые опоры,sharovye-opory,https://storage.yandexcloud.net/tcf-images/default.svg
4f79fcc7-0275-4f39-821d-8fb1ba896cb8,c771d427-6f41-4ee8-a484-e7c7f5e10a24,Шатуны и болты шатунов,shatuny-i-bolty-shatunov,https://storage.yandexcloud.net/tcf-images/default.svg
bb4d2086-4db5-4173-998d-fc0695eeecaa,3f1c551d-40b4-48af-bd59-510e8cc908cd,Шестерни и муфты КПП,shesterni-i-mufty-kpp,https://storage.yandexcloud.net/tcf-images/default.svg
1d245c55-0eb8-4cca-9fe4-62c2196c1a7e,3f1c551d-40b4-48af-bd59-510e8cc908cd,Шестерни спидометра,shesterni-spidometra,https://storage.yandexcloud.net/tcf-images/default.svg
fe7a488d-9e7b-416d-bfa8-b75c80e0a203,03a88661-1d50-44cb-abd2-d60efe56f712,Шестерни стартера,shesterni-startera,https://storage.yandexcloud.net/tcf-images/sub_categories/fe7a488d-9e7b-416d-bfa8-b75c80e0a203.png
a0871128-c3e3-4912-9b90-85e1ed458c54,3ab418bf-e501-40c1-91ee-0535642e203d,Шкив генератора,shkiv-generatora,https://storage.yandexcloud.net/tcf-images/default.svg
f9c78faa-afbd-436f-b493-4a8b4e986494,c771d427-6f41-4ee8-a484-e7c7f5e10a24,"Шкивы,зубчатые шестерни",shkivy-zubchatye-shesterni,https://storage.yandexcloud.net/tcf-images/default.svg
9a5032e1-f2bf-4f2d-8b72-ce605e7dcd6d,1dcdfcf8-2340-4676-8f86-3e7bddf50fb6,Шланг г/у,shlang-g-u,https://storage.yandexcloud.net/tcf-images/default.svg
01efcb65-b3b1-47de-9071-393b8b379f50,14b97f4e-af40-4e54-a623-3dd140ccd0c4,Шланги системы охлаждения,shlangi-sistemy-okhlazhdeniia,https://storage.yandexcloud.net/tcf-images/default.svg
b3454d62-b626-453a-9d7d-8c094d12d081,3d53dd59-ef02-4e61-9738-0e9e34954eae,Шланги топливной системы,shlangi-toplivnoi-sistemy,https://storage.yandexcloud.net/tcf-images/default.svg
37d4428d-9ad6-434b-ba10-0811c6632fb8,fa9d529e-ac63-48b2-9688-52f5db02fd0e,Шпилька ступицы колеса,shpilka-stupitsy-kolesa,https://storage.yandexcloud.net/tcf-images/default.svg
4fab35c0-0984-4ba6-b33c-1e09f00249e2,ca2c4289-d782-483a-9717-d65fd4d9435c,ШРУСы,shrusy,https://storage.yandexcloud.net/tcf-images/default.svg
5381e5ed-d4c2-49fa-a4a9-0d67efe05f60,c771d427-6f41-4ee8-a484-e7c7f5e10a24,Щупы уровня масла,shchupy-urovnia-masla,https://storage.yandexcloud.net/tcf-images/default.svg
4ca02a6e-b821-4bca-9c90-ffaf1a8f3679,29590fd1-80a8-44de-b159-6f0dca380c74,1,1,https://storage.yandexcloud.net/tcf-images/default.svg
9d1975b3-d8aa-4abc-bc15-3e7dec90db5c,14b97f4e-af40-4e54-a623-3dd140ccd0c4,Электровентилятор охлаждения радиаторов,elektroventiliator-okhlazhdeniia-radiatorov,https://storage.yandexcloud.net/tcf-images/default.svg
25d59146-d250-40bf-8bd2-b8ee129ce0d9,4b6957d9-a95f-454d-ba60-5a4582cec4de,Электромагнитные клапана,elektromagnitnye-klapana,https://storage.yandexcloud.net/tcf-images/default.svg
bc1cb6a6-cba0-45c0-87e4-87270322462c,14b97f4e-af40-4e54-a623-3dd140ccd0c4,Электромотор печки,elektromotor-pechki,https://storage.yandexcloud.net/tcf-images/default.svg
b2a250a5-4931-4647-8821-e42a8b60adac,4b6957d9-a95f-454d-ba60-5a4582cec4de,Электромоторчики омывателя / стелоочистителя,elektromotorchiki-omyvatelia-steloochistitelia,https://storage.yandexcloud.net/tcf-images/default.svg
504f7e92-d215-4ba2-8393-6872112216e0,117ab60e-4800-478e-ba04-d8dc8b227d46,Эмблемы и надписи,emblemy-i-nadpisi,https://storage.yandexcloud.net/tcf-images/default.svg
176025df-bc12-41f8-b033-4e4c13ba4e1e,3ab418bf-e501-40c1-91ee-0535642e203d,Якорь (ротор) генератора,iakor-rotor-generatora,https://storage.yandexcloud.net/tcf-images/default.svg
dd37f8d9-06ae-4cbf-a00e-71fd9fa42fa7,76941db6-9e9a-46c8-a2a9-0efc1379c376,Моторные масла,motornye-masla,https://storage.yandexcloud.net/tcf-images/default.svg
87bc3628-7286-4002-bf1f-24bc1c6de21a,76941db6-9e9a-46c8-a2a9-0efc1379c376,Масло трансмиссионное,maslo-transmissionnoe,https://storage.yandexcloud.net/tcf-images/default.svg
22fa6016-0b81-4bc4-a6c2-e661a3b38d13,76941db6-9e9a-46c8-a2a9-0efc1379c376,Автохимия,avtokhimiia,https://storage.yandexcloud.net/tcf-images/default.svg
705835be-80d0-4b41-8ca2-db9703606e5d,76941db6-9e9a-46c8-a2a9-0efc1379c376,Тормозная жидкость,tormoznaia-zhidkost,https://storage.yandexcloud.net/tcf-images/default.svg
d42a407a-fd92-481f-8463-f9a2b9a4aa36,76941db6-9e9a-46c8-a2a9-0efc1379c376,"Антифриз, вода дистиллированная",antifriz-voda-distillirovannaia,https://storage.yandexcloud.net/tcf-images/sub_categories/d42a407a-fd92-481f-8463-f9a2b9a4aa36.jpg
5143a571-d7ca-40a9-9dcd-8cdcd3550a7e,76941db6-9e9a-46c8-a2a9-0efc1379c376,Герметики,germetiki,https://storage.yandexcloud.net/tcf-images/default.svg
daaeb55d-0c5a-4c63-801d-3c4c43b08316,8a263be8-4742-48dd-9b4c-713fc2a344f9,Направляющая суппорта,napravliaiushchaia-supporta,https://storage.yandexcloud.net/tcf-images/default.svg
e0385ca9-4d7a-46fd-a47f-308e8ae36928,73a31c3d-db35-48a5-819b-9e9c297cc06f,Ручейковые ремни 6PK,rucheikovye-remni-6pk,https://storage.yandexcloud.net/tcf-images/sub_categories/e0385ca9-4d7a-46fd-a47f-308e8ae36928.jpg
089b4348-f958-4b24-a11a-7969682ad406,73a31c3d-db35-48a5-819b-9e9c297cc06f,Ручейковые ремни 5PK,rucheikovye-remni-5pk,https://storage.yandexcloud.net/tcf-images/sub_categories/089b4348-f958-4b24-a11a-7969682ad406.jpg
130a10bf-815c-43fd-a737-b4fdcca36294,73a31c3d-db35-48a5-819b-9e9c297cc06f,Ручейковые ремни 3PK,rucheikovye-remni-3pk,https://storage.yandexcloud.net/tcf-images/default.svg
b40c9040-6de8-4a81-a5a8-2bc10f5be2a3,73a31c3d-db35-48a5-819b-9e9c297cc06f,Ручейковые ремни 4PK,rucheikovye-remni-4pk,https://storage.yandexcloud.net/tcf-images/sub_categories/b40c9040-6de8-4a81-a5a8-2bc10f5be2a3.jpg
679d0b9d-cffa-4c94-9878-3bb68ad57093,14b97f4e-af40-4e54-a623-3dd140ccd0c4,Маслянный радиаторы,masliannyi-radiatory,https://storage.yandexcloud.net/tcf-images/sub_categories/679d0b9d-cffa-4c94-9878-3bb68ad57093.jpg
d6de252b-98fc-4c5a-bbfc-4ba85fa8f4d8,76941db6-9e9a-46c8-a2a9-0efc1379c376,Жидкость стеклоомывателя,zhidkost-stekloomyvatelia,https://storage.yandexcloud.net/tcf-images/default.svg
0cad3458-2d4a-446d-bfd0-086e97ba5385,29590fd1-80a8-44de-b159-6f0dca380c74,Батарейки,batareiki,https://storage.yandexcloud.net/tcf-images/default.svg
dcbdc3d6-d5ea-432d-9c71-18564ece706e,3d53dd59-ef02-4e61-9738-0e9e34954eae,Датчик давления воздуха (MAP / наддув / выхлоп),datchik-davleniia-vozdukha-map-nadduv-vykhlop,https://storage.yandexcloud.net/tcf-images/default.svg
009da656-f506-4227-9b1e-b0dfcb4776a9,4b6957d9-a95f-454d-ba60-5a4582cec4de,Датчики кондиционера,datchiki-konditsionera,https://storage.yandexcloud.net/tcf-images/default.svg
